source_file,classification,background_system,migration_status,exception_reason
lib\build\app_entry_gate.dart,user/admin route or full-screen surface,ArcGlobalVisualSystem + transparent Scaffold,migrated,
lib\build\auth\auth_screen.dart,user/admin route or full-screen surface,ArcGlobalVisualSystem + transparent Scaffold,migrated,
lib\build\home_screen.dart,user/admin route or full-screen surface,ArcGlobalVisualSystem + transparent Scaffold,migrated,
lib\build\models\trading_profile.dart,user/admin route or full-screen surface,ArcGlobalVisualSystem + transparent Scaffold,migrated,
lib\build\splash_screen.dart,user/admin route or full-screen surface,ArcGlobalVisualSystem + transparent Scaffold,migrated,
lib\build\trading_hub_screen.dart,user/admin route or full-screen surface,ArcGlobalVisualSystem + transparent Scaffold,migrated,
lib\features\auth\session\uag_biometric_relock_screen.dart,user/admin route or full-screen surface,ArcGlobalVisualSystem + transparent Scaffold,migrated,
lib\features\feature_access_gate.dart,user/admin route or full-screen surface,ArcGlobalVisualSystem + transparent Scaffold,migrated,
lib\features\legal\screens\arc_data_attribution_screen.dart,user/admin route or full-screen surface,ArcGlobalVisualSystem + transparent Scaffold,migrated,
lib\features\legal\screens\legal_hub_screen.dart,user/admin route or full-screen surface,ArcGlobalVisualSystem + transparent Scaffold,migrated,
lib\features\legal\screens\privacy_policy_screen.dart,user/admin route or full-screen surface,ArcGlobalVisualSystem + transparent Scaffold,migrated,
lib\features\legal\screens\terms_of_use_screen.dart,user/admin route or full-screen surface,ArcGlobalVisualSystem + transparent Scaffold,migrated,
lib\features\legal\screens\trader_code_of_conduct_screen.dart,user/admin route or full-screen surface,ArcGlobalVisualSystem + transparent Scaffold,migrated,
lib\features\monetisation\screens\monetisation_screen.dart,user/admin route or full-screen surface,ArcGlobalVisualSystem + transparent Scaffold,migrated,
lib\features\monetisation\screens\uag_plans_screen.dart,user/admin route or full-screen surface,ArcGlobalVisualSystem + transparent Scaffold,migrated,
lib\features\profile\models\user_profile.dart,user/admin route or full-screen surface,ArcGlobalVisualSystem + transparent Scaffold,migrated,
lib\features\profile\screens\profile_settings_screen.dart,user/admin route or full-screen surface,ArcGlobalVisualSystem + transparent Scaffold,migrated,
lib\features\trading_hub\arc_raiders\data\arc_blueprint_grid_view_preferences.dart,user/admin route or full-screen surface,ArcGlobalVisualSystem + transparent Scaffold,migrated,
lib\features\trading_hub\arc_raiders\data\arc_command_centre_engine.dart,user/admin route or full-screen surface,ArcGlobalVisualSystem + transparent Scaffold,migrated,
lib\features\trading_hub\arc_raiders\data\arc_command_centre_view_mapper.dart,user/admin route or full-screen surface,ArcGlobalVisualSystem + transparent Scaffold,migrated,
lib\features\trading_hub\arc_raiders\data\arc_compact_tracker_card_metrics.dart,user/admin route or full-screen surface,ArcGlobalVisualSystem + transparent Scaffold,migrated,
lib\features\trading_hub\arc_raiders\data\arc_help_centre_catalog.dart,user/admin route or full-screen surface,ArcGlobalVisualSystem + transparent Scaffold,migrated,
lib\features\trading_hub\arc_raiders\data\arc_my_hub_module_catalog.dart,user/admin route or full-screen surface,ArcGlobalVisualSystem + transparent Scaffold,migrated,
lib\features\trading_hub\arc_raiders\data\arc_profile_completion_evaluator.dart,user/admin route or full-screen surface,ArcGlobalVisualSystem + transparent Scaffold,migrated,
lib\features\trading_hub\arc_raiders\models\arc_command_centre_models.dart,user/admin route or full-screen surface,ArcGlobalVisualSystem + transparent Scaffold,migrated,
lib\features\trading_hub\arc_raiders\models\arc_match_rider_profile.dart,user/admin route or full-screen surface,ArcGlobalVisualSystem + transparent Scaffold,migrated,
lib\features\trading_hub\arc_raiders\models\arc_trader_profile.dart,user/admin route or full-screen surface,ArcGlobalVisualSystem + transparent Scaffold,migrated,
lib\features\trading_hub\arc_raiders\models\trading_profile.dart,user/admin route or full-screen surface,ArcGlobalVisualSystem + transparent Scaffold,migrated,
lib\features\trading_hub\arc_raiders\raid_planner\data\raid_planner_blueprint_rules.dart,user/admin route or full-screen surface,ArcGlobalVisualSystem + transparent Scaffold,migrated,
lib\features\trading_hub\arc_raiders\raid_planner\data\raid_planner_engine.dart,user/admin route or full-screen surface,ArcGlobalVisualSystem + transparent Scaffold,migrated,
lib\features\trading_hub\arc_raiders\raid_planner\data\raid_planner_event_schedule.dart,user/admin route or full-screen surface,ArcGlobalVisualSystem + transparent Scaffold,migrated,
lib\features\trading_hub\arc_raiders\raid_planner\models\raid_planner_models.dart,user/admin route or full-screen surface,ArcGlobalVisualSystem + transparent Scaffold,migrated,
lib\features\trading_hub\arc_raiders\raid_planner\repositories\raid_planner_repository.dart,user/admin route or full-screen surface,ArcGlobalVisualSystem + transparent Scaffold,migrated,
lib\features\trading_hub\arc_raiders\raid_planner\screens\raid_planner_hunt_targets_screen.dart,user/admin route or full-screen surface,ArcGlobalVisualSystem + transparent Scaffold,migrated,
lib\features\trading_hub\arc_raiders\raid_planner\screens\raid_planner_screen.dart,user/admin route or full-screen surface,ArcGlobalVisualSystem + transparent Scaffold,migrated,
lib\features\trading_hub\arc_raiders\repositories\arc_trader_profile_repository.dart,user/admin route or full-screen surface,ArcGlobalVisualSystem + transparent Scaffold,migrated,
lib\features\trading_hub\arc_raiders\screens\arc_availability_screen.dart,user/admin route or full-screen surface,ArcGlobalVisualSystem + transparent Scaffold,migrated,
lib\features\trading_hub\arc_raiders\screens\arc_away_screen.dart,user/admin route or full-screen surface,ArcGlobalVisualSystem + transparent Scaffold,migrated,
lib\features\trading_hub\arc_raiders\screens\arc_beta_feedback_screen.dart,user/admin route or full-screen surface,ArcGlobalVisualSystem + transparent Scaffold,migrated,
lib\features\trading_hub\arc_raiders\screens\arc_command_centre_screen.dart,user/admin route or full-screen surface,ArcGlobalVisualSystem + transparent Scaffold,migrated,
lib\features\trading_hub\arc_raiders\screens\arc_create_trade_listing_screen.dart,user/admin route or full-screen surface,ArcGlobalVisualSystem + transparent Scaffold,migrated,
lib\features\trading_hub\arc_raiders\screens\arc_help_centre_screen.dart,user/admin route or full-screen surface,ArcGlobalVisualSystem + transparent Scaffold,migrated,
lib\features\trading_hub\arc_raiders\screens\arc_intel_explorer_screen.dart,user/admin route or full-screen surface,ArcGlobalVisualSystem + transparent Scaffold,migrated,
lib\features\trading_hub\arc_raiders\screens\arc_mandatory_onboarding_screen.dart,user/admin route or full-screen surface,ArcGlobalVisualSystem + transparent Scaffold,migrated,
lib\features\trading_hub\arc_raiders\screens\arc_market_intelligence_screen.dart,user/admin route or full-screen surface,ArcGlobalVisualSystem + transparent Scaffold,migrated,
lib\features\trading_hub\arc_raiders\screens\arc_match_rider_screen.dart,user/admin route or full-screen surface,ArcGlobalVisualSystem + transparent Scaffold,migrated,
lib\features\trading_hub\arc_raiders\screens\arc_my_trade_listings_screen.dart,user/admin route or full-screen surface,ArcGlobalVisualSystem + transparent Scaffold,migrated,
lib\features\trading_hub\arc_raiders\screens\arc_profile_edit_screen.dart,user/admin route or full-screen surface,ArcGlobalVisualSystem + transparent Scaffold,migrated,
lib\features\trading_hub\arc_raiders\screens\arc_profile_setup_screen.dart,user/admin route or full-screen surface,ArcGlobalVisualSystem + transparent Scaffold,migrated,
lib\features\trading_hub\arc_raiders\screens\arc_raiders_hub_screen.dart,user/admin route or full-screen surface,ArcGlobalVisualSystem + transparent Scaffold,migrated,
lib\features\trading_hub\arc_raiders\screens\arc_season_reset_screen.dart,user/admin route or full-screen surface,ArcGlobalVisualSystem + transparent Scaffold,migrated,
lib\features\trading_hub\arc_raiders\screens\arc_trader_search_screen.dart,user/admin route or full-screen surface,ArcGlobalVisualSystem + transparent Scaffold,migrated,
lib\features\trading_hub\arc_raiders\screens\blueprint_grid_screen.dart,user/admin route or full-screen surface,ArcGlobalVisualSystem + transparent Scaffold,migrated,
lib\features\trading_hub\arc_raiders\screens\favourite_loadout_screen.dart,user/admin route or full-screen surface,ArcGlobalVisualSystem + transparent Scaffold,migrated,
lib\features\trading_hub\arc_raiders\screens\my_hub_screen.dart,user/admin route or full-screen surface,ArcGlobalVisualSystem + transparent Scaffold,migrated,
lib\features\trading_hub\arc_raiders\screens\my_intel_screen.dart,user/admin route or full-screen surface,ArcGlobalVisualSystem + transparent Scaffold,migrated,
lib\features\trading_hub\arc_raiders\screens\nomadic_trader_screen.dart,user/admin route or full-screen surface,ArcGlobalVisualSystem + transparent Scaffold,migrated,
lib\features\trading_hub\arc_raiders\screens\operations_command_screen.dart,user/admin route or full-screen surface,ArcGlobalVisualSystem + transparent Scaffold,migrated,
lib\features\trading_hub\arc_raiders\screens\play_like_a_pro_screen.dart,user/admin route or full-screen surface,ArcGlobalVisualSystem + transparent Scaffold,migrated,
lib\features\trading_hub\arc_raiders\screens\referral_tools_screen.dart,user/admin route or full-screen surface,ArcGlobalVisualSystem + transparent Scaffold,migrated,
lib\features\trading_hub\arc_raiders\screens\scrappy_grid_screen.dart,user/admin route or full-screen surface,ArcGlobalVisualSystem + transparent Scaffold,migrated,
lib\features\trading_hub\arc_raiders\screens\smart_trade_assist_screen.dart,user/admin route or full-screen surface,ArcGlobalVisualSystem + transparent Scaffold,migrated,
lib\features\trading_hub\arc_raiders\screens\trader_hub_screen.dart,user/admin route or full-screen surface,ArcGlobalVisualSystem + transparent Scaffold,migrated,
lib\features\trading_hub\arc_raiders\screens\trading_activity_screen.dart,user/admin route or full-screen surface,ArcGlobalVisualSystem + transparent Scaffold,migrated,
lib\features\trading_hub\arc_raiders\screens\trading_blueprint_watches_screen.dart,user/admin route or full-screen surface,ArcGlobalVisualSystem + transparent Scaffold,migrated,
lib\features\trading_hub\arc_raiders\screens\trading_create_listing_screen.dart,user/admin route or full-screen surface,ArcGlobalVisualSystem + transparent Scaffold,migrated,
lib\features\trading_hub\arc_raiders\screens\trading_listing_detail_screen.dart,user/admin route or full-screen surface,ArcGlobalVisualSystem + transparent Scaffold,migrated,
lib\features\trading_hub\arc_raiders\screens\trading_listing_queues_screen.dart,user/admin route or full-screen surface,ArcGlobalVisualSystem + transparent Scaffold,migrated,
lib\features\trading_hub\arc_raiders\screens\trading_listings_screen.dart,user/admin route or full-screen surface,ArcGlobalVisualSystem + transparent Scaffold,migrated,
lib\features\trading_hub\arc_raiders\screens\trading_make_offer_screen.dart,user/admin route or full-screen surface,ArcGlobalVisualSystem + transparent Scaffold,migrated,
lib\features\trading_hub\arc_raiders\screens\trading_my_listings_screen.dart,user/admin route or full-screen surface,ArcGlobalVisualSystem + transparent Scaffold,migrated,
lib\features\trading_hub\arc_raiders\screens\trading_my_offers_screen.dart,user/admin route or full-screen surface,ArcGlobalVisualSystem + transparent Scaffold,migrated,
lib\features\trading_hub\arc_raiders\screens\trading_notifications_screen.dart,user/admin route or full-screen surface,ArcGlobalVisualSystem + transparent Scaffold,migrated,
lib\features\trading_hub\arc_raiders\screens\trading_profile_screen.dart,user/admin route or full-screen surface,ArcGlobalVisualSystem + transparent Scaffold,migrated,
lib\features\trading_hub\arc_raiders\screens\trading_trade_sessions_screen.dart,user/admin route or full-screen surface,ArcGlobalVisualSystem + transparent Scaffold,migrated,
lib\features\trading_hub\arc_raiders\session_planner\session_planner_screen.dart,user/admin route or full-screen surface,ArcGlobalVisualSystem + transparent Scaffold,migrated,
lib\features\trading_hub\arc_raiders\voice\voice_profiles.dart,user/admin route or full-screen surface,ArcGlobalVisualSystem + transparent Scaffold,migrated,
lib\features\trading_hub\arc_raiders\widgets\arc_beta_first_run.dart,user/admin route or full-screen surface,ArcGlobalVisualSystem + transparent Scaffold,migrated,
lib\features\trading_hub\arc_raiders\widgets\arc_market_overview_card.dart,user/admin route or full-screen surface,ArcGlobalVisualSystem + transparent Scaffold,migrated,
lib\features\trading_hub\arc_raiders\widgets\arc_profile_status_card.dart,user/admin route or full-screen surface,ArcGlobalVisualSystem + transparent Scaffold,migrated,
lib\features\trading_hub\arc_raiders\widgets\arc_raiders_screen_shell.dart,user/admin route or full-screen surface,ArcGlobalVisualSystem + transparent Scaffold,migrated,
lib\features\trading_hub\arc_raiders\widgets\arc_shared_page_ownership.dart,user/admin route or full-screen surface,ArcGlobalVisualSystem + transparent Scaffold,migrated,
lib\features\trading_hub\arc_raiders\widgets\arc_systems_page_wrapper.dart,user/admin route or full-screen surface,ArcGlobalVisualSystem + transparent Scaffold,migrated,
lib\features\trading_hub\arc_raiders\widgets\arc_trade_network_panel.dart,user/admin route or full-screen surface,ArcGlobalVisualSystem + transparent Scaffold,migrated,
lib\features\trading_hub\arc_raiders\widgets\command_centre\arc_command_centre_content.dart,user/admin route or full-screen surface,ArcGlobalVisualSystem + transparent Scaffold,migrated,
lib\features\trading_hub\arc_raiders\widgets\command_centre\arc_command_centre_widgets.dart,user/admin route or full-screen surface,ArcGlobalVisualSystem + transparent Scaffold,migrated,
lib\features\trading_hub\arc_raiders\widgets\foundation\arc_cinematic_scaffold.dart,user/admin route or full-screen surface,ArcGlobalVisualSystem + transparent Scaffold,migrated,
lib\features\trading_hub\arc_raiders\widgets\foundation\arc_my_hub_command_header.dart,user/admin route or full-screen surface,ArcGlobalVisualSystem + transparent Scaffold,migrated,
lib\features\trading_hub\arc_raiders\widgets\foundation\arc_my_hub_intelligence_feed.dart,user/admin route or full-screen surface,ArcGlobalVisualSystem + transparent Scaffold,migrated,
lib\features\trading_hub\arc_raiders\widgets\my_hub_cinematic_background.dart,user/admin route or full-screen surface,ArcGlobalVisualSystem + transparent Scaffold,migrated,
lib\features\trading_hub\arc_raiders\widgets\trading_hub_feature_card.dart,user/admin route or full-screen surface,ArcGlobalVisualSystem + transparent Scaffold,migrated,
lib\features\trading_hub\trading_hub_screen.dart,user/admin route or full-screen surface,ArcGlobalVisualSystem + transparent Scaffold,migrated,
lib\home_screen.dart,user/admin route or full-screen surface,ArcGlobalVisualSystem + transparent Scaffold,migrated,
lib\main.dart,user/admin route or full-screen surface,ArcGlobalVisualSystem + transparent Scaffold,migrated,
lib\reg\onboarding_basic_profile_screen.dart,user/admin route or full-screen surface,ArcGlobalVisualSystem + transparent Scaffold,migrated,
lib\screens\build\admin_console_screen.dart,user/admin route or full-screen surface,ArcGlobalVisualSystem + transparent Scaffold,migrated,
lib\screens\build\app_entry_gate.dart,user/admin route or full-screen surface,ArcGlobalVisualSystem + transparent Scaffold,migrated,
lib\screens\build\auth\auth_landing_screen.dart,user/admin route or full-screen surface,ArcGlobalVisualSystem + transparent Scaffold,migrated,
lib\screens\build\feedback_screen.dart,user/admin route or full-screen surface,ArcGlobalVisualSystem + transparent Scaffold,migrated,
lib\screens\build\splash_screen.dart,user/admin route or full-screen surface,ArcGlobalVisualSystem + transparent Scaffold,migrated,
lib\widgets\arc_responsive_page_shell.dart,user/admin route or full-screen surface,ArcGlobalVisualSystem + transparent Scaffold,migrated,
lib\widgets\responsive_layout_helper.dart,user/admin route or full-screen surface,ArcGlobalVisualSystem + transparent Scaffold,migrated,
lib\widgets\uag_page_carousel.dart,user/admin route or full-screen surface,ArcGlobalVisualSystem + transparent Scaffold,migrated,
